{
  "samples": 1000,
  "mean_current_density": 1.503425567913222,
  "mean_overpotential": 0.2495545480073984
}